name,state,district,latitude,longitude,elevation,slope
Churachandpur,Manipur,Churachandpur,24.3343,93.6766,914,32.4
Senapati,Manipur,Senapati,25.268,94.009,1061,35.1
Tuensang,Nagaland,Tuensang,26.267,94.825,1371,38.0
Mokokchung,Nagaland,Mokokchung,26.324,94.526,1325,33.5
Aizawl,Mizoram,Aizawl,23.7271,92.7176,1132,30.2
Lunglei,Mizoram,Lunglei,22.882,92.733,1222,34.7
Tawang,Arunachal Pradesh,Tawang,27.5854,91.86,2669,42.0
Itanagar,Arunachal Pradesh,Papum Pare,27.0844,93.6053,750,25.3
Shillong,Meghalaya,East Khasi Hills,25.5788,91.8933,1496,28.8
Cherrapunji,Meghalaya,East Khasi Hills,25.3005,91.7042,1484,27.9
Gangtok,Sikkim,East Sikkim,27.3389,88.6065,1436,31.5
Namchi,Sikkim,South Sikkim,27.1774,88.349,550,22.1
Dima Hasao,Assam,Dima Hasao,25.165,93.65,750,26.8
Karbi Anglong,Assam,Karbi Anglong,26.0,93.5,400,20.5
Agartala,Tripura,West Tripura,23.8315,91.2868,13,8.2
Rangamati,Tripura,Dhalai,23.9,92.05,200,15.6
Kolasib,Mizoram,Kolasib,24.222,92.679,900,29.4
Ziro,Arunachal Pradesh,Lower Subansiri,27.55,93.83,1588,25.6
Yuksom,Sikkim,West Sikkim,27.3745,88.2238,1780,36.2
Lakhimpur,Assam,Lakhimpur,27.235,94.1083,101,12.4
Ukhrul,Manipur,Ukhrul,25.103,94.369,1662,40.3
Mon,Nagaland,Mon,26.725,95.04,898,24.8
Tura,Meghalaya,West Garo Hills,25.5142,90.2022,649,26.3
North Sikkim,Sikkim,Mangan,27.5167,88.5333,1550,34.0
Haflong,Assam,Dima Hasao,25.1648,93.0173,680,25.9
Champai,Mizoram,Champhai,23.46,93.33,1600,28.6
Kohima,Nagaland,Kohima,25.6751,94.1078,1444,24.7
Daporijo,Arunachal Pradesh,Upper Subansiri,27.999,94.222,908,23.4
Khowai,Tripura,Khowai,24.0833,91.6,100,11.2
Thenzawl,Mizoram,Mamit,23.76,92.84,1210,31.8
